Group,Model,MAE,RMSE,R2
All rows,V1.2 Two-stage,344.84835367488347,890.0453535795158,0.44935744039792624
All rows,Persistence baseline,100.74229931494817,342.50473920474366,0.9184585047473052
All rows,V1.3 Hybrid fallback,89.79728745320766,266.43972752872264,0.9506549648825214
Positive production,V1.2 Two-stage,337.34820181610377,884.2084531213096,0.4642560417011985
Positive production,Persistence baseline,76.51570418705819,253.00638342736266,0.9561357291513817
Positive production,V1.3 Hybrid fallback,64.34684600678712,128.28618297242383,0.98872263274415
Zero production,V1.2 Two-stage,579.9525457481062,1056.7925553165865,0.0
Zero production,Persistence baseline,860.1634659090909,1337.1600877863316,0.0
Zero production,V1.3 Hybrid fallback,887.5818639299243,1334.3189232912957,0.0
